"est","se","coef","lci","uci","model","setting"
1.06830098273538,0.00819250220052873,"factor(part_age_group)30-39",1.05128383312494,1.08559358924122,"G1","all"
1.12178303570003,0.00790156800196938,"factor(part_age_group)40-49",1.10454363072325,1.13929150843989,"G1","all"
1.16724238049429,0.00814347917209792,"factor(part_age_group)50-59",1.14875955048894,1.18602258779227,"G1","all"
0.859965295800291,0.0102490627581459,"factor(part_age_group)60-69",0.84286242395008,0.877415209133445,"G1","all"
0.729148796884555,0.0113441437117581,"factor(part_age_group)70-120",0.713115331004944,0.745542754282066,"G1","all"
1.00861076963642,0.00510652914061097,"part_gendermale",0.998566077972869,1.0187565020151,"G1","all"
1.15718161522189,0.00197635237426741,"hh_size",1.15270774072963,1.16167285365843,"G1","all"
1.00115032546958,0.00704119215557242,"old",0.987428531218588,1.01506280454637,"G1","all"
0.946387270616276,0.00658483775854029,"C1",0.934251337334745,0.958680849780373,"G1","all"
0.953639233642819,0.00709492838848726,"C2",0.94046956881424,0.966993317061269,"G1","all"
1,0,"C3",1,1,"G1","all"
1.08046097015886,0.0264781785151246,"C6",1.02581787474178,1.13801478486666,"G1","all"
1.30774944338694,0.00938791879684954,"part_att_likely",1.28390631875387,1.33203535312353,"G1","all"
1.09302812079951,0.00583847506835928,"part_att_spread",1.08059136828437,1.10560801050568,"G1","all"
0.872605325777686,0.00777703630324078,"part_att_serious",0.859404990145336,0.886008416645117,"G1","all"
1.1422806844486,0.00537698603542218,"part_symp_any",1.13030545003072,1.15438279274766,"G1","all"
0.999548383031473,0.00647790843824027,"risk",0.986937565251846,1.01232033838522,"G1","all"
1.4002860606916,0.00771620200862446,"mask",1.37926768411142,1.42162473198987,"G1","all"
1.15329027283037,0.0130072053080714,"vacc",1.12425959670958,1.18307058022715,"G1","all"
0.998304588134408,0.007982639172937,"factor(part_age_group)30-39",0.982806510134894,1.0140470585135,"be","all"
0.974906080775558,0.00801682850553068,"factor(part_age_group)40-49",0.959706936573831,0.990345938027968,"be","all"
0.798672353498102,0.00866745163257586,"factor(part_age_group)50-59",0.785218779202109,0.812356435094903,"be","all"
0.714810186621431,0.0105340608072984,"factor(part_age_group)60-69",0.700202811097126,0.729722295883341,"be","all"
0.608701687384323,0.0116575138401795,"factor(part_age_group)70-120",0.594951150297649,0.622770027487392,"be","all"
0.966717196354616,0.00543514503259701,"part_gendermale",0.956473404861039,0.977070698440909,"be","all"
1.12001352694721,0.00213214183655744,"hh_size",1.11534270217875,1.12470391216465,"be","all"
0.969220901389985,0.00817023501180907,"old",0.953823552038201,0.984866806532358,"be","all"
0.680085990400638,0.0156794596666232,"C1",0.659503402212169,0.701310945156307,"be","all"
0.547303957268368,0.0153891335498331,"C2",0.531042076944877,0.564063818379325,"be","all"
1.22465619939013,0.0117497492102499,"C3",1.19677490756357,1.25318704229685,"be","all"
0.894393109026574,0.0114140359158549,"C6",0.874606100876279,0.914627776633106,"be","all"
1.00238834160452,0.0118881654540829,"part_att_likely",0.979301619622735,1.02601932566164,"be","all"
1.01700251831148,0.00698141258607469,"part_att_spread",1.00318090611511,1.03101456172772,"be","all"
0.912584316749327,0.00840861251278481,"part_att_serious",0.897667202976033,0.927749317804887,"be","all"
1.18767856594075,0.00582196906084548,"part_symp_any",1.17420276380319,1.20130902385741,"be","all"
0.901922868697576,0.00725917072454595,"risk",0.889181037799508,0.91484728812119,"be","all"
1.75322978670949,0.00623939640982144,"mask",1.73191946921723,1.77480231594986,"be","all"
1.02682546490123,0.00848865234552183,"vacc",1.00988252121881,1.0440526627762,"be","all"
1.02938211788536,0.00813431114730296,"factor(part_age_group)30-39",1.01310034981639,1.04592555398307,"G2","all"
1.07164222530864,0.00812681151874795,"factor(part_age_group)40-49",1.05470753136109,1.08884882767684,"G2","all"
1.17735873519924,0.0081846812136409,"factor(part_age_group)50-59",1.15862202404664,1.19639844796715,"G2","all"
0.92976747871734,0.010131336520115,"factor(part_age_group)60-69",0.911486567901295,0.948415034212563,"G2","all"
0.796381480476844,0.0112931584760242,"factor(part_age_group)70-120",0.778947339443812,0.81420582667288,"G2","all"
1.0852282770608,0.00571127751588079,"part_gendermale",1.07314770574417,1.09744484103021,"G2","all"
1.132536703465,0.00198990308276506,"hh_size",1.12812811869381,1.13696251643869,"G2","all"
0.988860755276482,0.00769351757037494,"old",0.974061107548104,1.00388526525548,"G2","all"
1.00609545510273,0.0166372100971103,"C1",0.973816494559436,1.03944436188289,"G2","all"
0.816643481317229,0.0145017905600199,"C2",0.793758096299402,0.840188690593676,"G2","all"
0.761532753759419,0.0142955444317816,"C3",0.740491057354508,0.783172368239368,"G2","all"
0.97749220237493,0.0113452246168416,"C6",0.955995675289702,0.99947210055552,"G2","all"
1.13817024842663,0.00884204207116863,"part_att_likely",1.11861498886587,1.15806736660746,"G2","all"
1.02359382451839,0.00679217767732478,"part_att_spread",1.0100571901929,1.03731187477818,"G2","all"
0.89454313605777,0.00807268083495761,"part_att_serious",0.880500475597643,0.908809755866317,"G2","all"
1.20739953796243,0.00561638294055661,"part_symp_any",1.19418106949614,1.22076432252186,"G2","all"
0.969648014669607,0.00626265138417127,"risk",0.957818382393054,0.981623750009507,"G2","all"
1.31110658914571,0.00644759504202341,"mask",1.29464180290631,1.32778076858197,"G2","all"
0.945206897032395,0.00659395311252031,"vacc",0.933069350125268,0.95750233150158,"G2","all"
0.979789828902392,0.00942007872950428,"factor(part_age_group)30-39",0.96186549762325,0.998048179493587,"de","all"
1.13761806133772,0.00920593080289524,"factor(part_age_group)40-49",1.1172752695592,1.15833124453957,"de","all"
1.06915344763882,0.00901933578012523,"factor(part_age_group)50-59",1.0504190322255,1.08822199477492,"de","all"
0.988569474175156,0.0106675970221189,"factor(part_age_group)60-69",0.968114445884889,1.00945669122589,"de","all"
0.836641105222198,0.0118298572399348,"factor(part_age_group)70-120",0.817465365073527,0.856266661382604,"de","all"
1.00867502167933,0.0056006060629069,"part_gendermale",0.997663092315449,1.01980849767477,"de","all"
1.0922083069022,0.00221313491855193,"hh_size",1.08748081933411,1.09695634576492,"de","all"
1.05866473043227,0.00880009315412298,"old",1.04056115714938,1.07708326777408,"de","all"
0.951106308404633,0.00892840424660092,"C1",0.934606950427105,0.967896942638501,"de","all"
1.06051066904449,0.0147261133568036,"C2",1.03033830888077,1.09156659464492,"de","all"
1.06929065164958,0.01407626540223,"C3",1.040192553797,1.09920273273589,"de","all"
0.867269810264093,0.00765095201793109,"C6",0.854361301605675,0.880373353032168,"de","all"
1.20388179982832,0.0121172795474651,"part_att_likely",1.17562645846696,1.23281623811684,"de","all"
0.990832789809298,0.00655633058366503,"part_att_spread",0.978181570655611,1.00364763231357,"de","all"
0.949253134381649,0.00821143336983531,"part_att_serious",0.934097663054244,0.964654498960093,"de","all"
1.20864637465359,0.00597207104695777,"part_symp_any",1.19458125137487,1.22287710214936,"de","all"
0.979483301493722,0.00636130204893792,"risk",0.967346701173251,0.991772170971838,"de","all"
1.33441139107417,0.00711671306460095,"mask",1.31592711742015,1.35315530553049,"de","all"
1.06093054599836,0.00793241512478732,"vacc",1.04456316236484,1.07755439210027,"de","all"
1.00999491365718,0.00860132667807124,"factor(part_age_group)30-39",0.993110191087749,1.02716670795219,"G3","all"
1.19020377598637,0.00828383176237139,"factor(part_age_group)40-49",1.17103489978304,1.20968643089517,"G3","all"
1.26316202290128,0.00880236894662335,"factor(part_age_group)50-59",1.24155561333984,1.28514444214695,"G3","all"
0.971074487068574,0.0104636868131541,"factor(part_age_group)60-69",0.951361320478221,0.991196130363471,"G3","all"
0.734882511041824,0.0124278819011753,"factor(part_age_group)70-120",0.717197665322565,0.753003434265566,"G3","all"
1.05544228565811,0.00647335877593066,"part_gendermale",1.04213538429101,1.06891910124813,"G3","all"
1.1084590219047,0.00209837223104917,"hh_size",1.10390940942819,1.1130273849902,"G3","all"
0.918713074344417,0.00718355068787556,"old",0.90586818900631,0.931740095539981,"G3","all"
1,0,"C1",1,1,"G3","all"
0.596818199096597,0.0204960628560825,"C2",0.573317366097996,0.621282353955455,"G3","all"
1.14443090127812,0.0165473187970135,"C3",1.10790857352685,1.18215719157309,"G3","all"
0.92232595099893,0.011205164019244,"C6",0.902290123068052,0.942806685053253,"G3","all"
1.26953436480006,0.00991333834417628,"part_att_likely",1.24510473060382,1.29444332174907,"G3","all"
1.01904082503116,0.00693007216224569,"part_att_spread",1.00529255192912,1.03297711804136,"G3","all"
0.960037831598276,0.00818363300565206,"part_att_serious",0.944761429437472,0.975561246873404,"G3","all"
1.09541077275725,0.00588652570761104,"part_symp_any",1.08284474296906,1.10812262687129,"G3","all"
0.972058887529291,0.00627974889971867,"risk",0.960167573285731,0.984097471227032,"G3","all"
1.20442688133555,0.00690075380026235,"mask",1.18824577418165,1.22082833703553,"G3","all"
1.0382176491046,0.00585197070777647,"vacc",1.02637722489646,1.05019466602157,"G3","all"
0.714503790086876,0.0113107542715302,"factor(part_age_group)30-39",0.698837708748003,0.730521063271072,"nl","all"
0.796208550208006,0.0110946370148729,"factor(part_age_group)40-49",0.779080976097166,0.813712662578568,"nl","all"
0.829791396964441,0.0112033529425207,"factor(part_age_group)50-59",0.811768410236328,0.848214532363659,"nl","all"
0.742289603005167,0.0140622602088212,"factor(part_age_group)60-69",0.722109353426316,0.763033814913452,"nl","all"
0.72965871226828,0.0165067974274132,"factor(part_age_group)70-120",0.706428917845294,0.753652381633674,"nl","all"
1.22676013907331,0.00804381549771408,"part_gendermale",1.2075702654832,1.24625496489596,"nl","all"
1.05153116807205,0.00284784616556544,"hh_size",1.04567792423722,1.05741717578435,"nl","all"
0.748656224315997,0.0138316514790262,"old",0.728632161108602,0.769230583171506,"nl","all"
0.695897638585554,0.0185436351431957,"C1",0.671058241534728,0.7216564724418,"nl","all"
0.932103035589502,0.017725017129355,"C2",0.900275885174723,0.965055360542671,"nl","all"
0.750290373629633,0.011436185020983,"C3",0.733659248443912,0.767298505341925,"nl","all"
0.730892033046655,0.0106963996144743,"C6",0.715727967140306,0.74637737869247,"nl","all"
1.79252965166646,0.0121242206632284,"part_att_likely",1.75043377584421,1.83563788384614,"nl","all"
0.91772737508905,0.00874577954033549,"part_att_spread",0.902129529466047,0.933594907913427,"nl","all"
0.813090355160637,0.0105501736205799,"part_att_serious",0.796449131681883,0.83007928486174,"nl","all"
1.13485958266351,0.00829101762218936,"part_symp_any",1.11656614222246,1.15345273661952,"nl","all"
0.896788392585789,0.00913107891346933,"risk",0.880880927927481,0.91298312357469,"nl","all"
1.30014674750283,0.00857399879350871,"mask",1.27847963171485,1.32218106812922,"nl","all"
0.913892457365185,0.0134275827696322,"vacc",0.89015359643171,0.938264392771064,"nl","all"
1.06011231643533,0.00384224578791881,"factor(part_age_group)30-39",1.05215890799481,1.0681258457429,"uk","all"
1.11285550521264,0.00396427817784269,"factor(part_age_group)40-49",1.10424225047462,1.12153594462608,"uk","all"
1.10906259934521,0.00405970380878624,"factor(part_age_group)50-59",1.10027289554669,1.11792252108073,"uk","all"
0.959296139313733,0.00501319126350866,"factor(part_age_group)60-69",0.949916511710856,0.9687683828601,"uk","all"
0.773493733727577,0.00560821344600126,"factor(part_age_group)70-120",0.765038080668557,0.782042843662092,"uk","all"
0.909989807975778,0.00254878181421638,"part_gendermale",0.905455245622735,0.914547079629842,"uk","all"
1.10609351934637,0.000990196786802642,"hh_size",1.10394893809011,1.10824226676341,"uk","all"
0.92913022171103,0.00411141588583899,"old",0.921673123758155,0.936647653754642,"uk","all"
0.866634578803242,0.00535582594937627,"C1",0.857584851049971,0.875779804479905,"uk","all"
0.859938695774709,0.0106672608152218,"C2",0.84214612081768,0.878107186164673,"uk","all"
0.874181531986441,0.00439581359578586,"C3",0.866682212177252,0.881745742705828,"uk","all"
0.930411432425321,0.0110898753585557,"C6",0.910406325602867,0.950856127910247,"uk","all"
1.29702603870939,0.00560931298759533,"part_att_likely",1.28284448799254,1.31136436320717,"uk","all"
1.01569038394211,0.00327871277272718,"part_att_spread",1.00918428687692,1.02223842507993,"uk","all"
0.786569627892419,0.00457422725571649,"part_att_serious",0.779549256832211,0.793653222167057,"uk","all"
1.15496696115126,0.00274308710125455,"part_symp_any",1.14877408031013,1.16119322694924,"uk","all"
0.907318815132742,0.00312304946992208,"risk",0.901781990261691,0.912889635392904,"uk","all"
1.71234694798454,0.00294098544250362,"mask",1.70250493223674,1.72224585946999,"uk","all"
1.01969350568745,0.00341386270962753,"vacc",1.01289342489447,1.02653923896237,"uk","all"
1.1013544275519,0.0125618039606415,"factor(part_age_group)30-39",1.07456876364713,1.12880777491732,"G1","home"
1.15096072386519,0.0120792523848669,"factor(part_age_group)40-49",1.12403121619193,1.17853540791173,"G1","home"
1.12623420985169,0.0129319048936029,"factor(part_age_group)50-59",1.09804663870063,1.15514537428139,"G1","home"
1.09641728198064,0.0151406220130698,"factor(part_age_group)60-69",1.06435825894086,1.12944193942936,"G1","home"
1.05505537480585,0.0162905632955035,"factor(part_age_group)70-120",1.02189990895214,1.08928656726092,"G1","home"
0.961157285940831,0.00765101597837193,"part_gendermale",0.946851225376278,0.975679498064775,"G1","home"
1.45680348193972,0.00246995871977688,"hh_size",1.44976792269168,1.46387318395858,"G1","home"
1.13849195719048,0.00972883757430967,"old",1.11698813928389,1.160409758172,"G1","home"
0.990543031847361,0.0095047414356274,"C1",0.972260624277331,1.00916922216269,"G1","home"
0.974781002586717,0.00999488555205199,"C2",0.955870778813518,0.994065331909618,"G1","home"
0.429375539908417,0.0193365352752177,"C3",0.413406791351364,0.445961116577181,"G1","home"
1.0168836234819,0.0117873849136996,"C6",0.993659447644472,1.04065060333997,"G1","home"
0.952799184220083,0.0161631857525129,"part_att_likely",0.923087583846847,0.983467117678267,"G1","home"
1.15871930487456,0.00868659607162064,"part_att_spread",1.13915813703897,1.17861636925923,"G1","home"
0.944414963258322,0.0113933174121129,"part_att_serious",0.923558928931632,0.965741973669169,"G1","home"
1.01333035716015,0.00840568078994214,"part_symp_any",0.996772273091679,1.03016349918862,"G1","home"
0.986217795502079,0.00984140669639976,"risk",0.96737666703748,1.0054258835326,"G1","home"
0.988385677456521,0.0101924822576517,"mask",0.968836235205386,1.00832959369453,"G1","home"
0.838735442621021,0.0219755806493088,"vacc",0.803376062056672,0.87565111276499,"G1","home"
0.976311571823684,0.0141308967247395,"factor(part_age_group)30-39",0.949641812048922,1.00373032566907,"be","home"
0.968479785560154,0.0137518658741714,"factor(part_age_group)40-49",0.942724064141538,0.994939166947816,"be","home"
1.08142932442983,0.0138402432466434,"factor(part_age_group)50-59",1.05248749694262,1.11116700876164,"be","home"
1.10036600327611,0.0166188445739552,"factor(part_age_group)60-69",1.0651008847222,1.13679873759717,"be","home"
1.05299049860899,0.0175171684884095,"factor(part_age_group)70-120",1.01745065516261,1.08977175898874,"be","home"
0.858398183135946,0.00885552898794723,"part_gendermale",0.843627482955161,0.873427496968181,"be","home"
1.52349060341344,0.00299784330001043,"hh_size",1.51456505773272,1.53246874859479,"be","home"
1.28287160771666,0.0114891700476053,"old",1.25430540947508,1.31208838728861,"be","home"
0.737676534224299,0.024100639191423,"C1",0.703640518860737,0.773358916320272,"be","home"
0.723558477015189,0.0201015401122854,"C2",0.695604929318559,0.752635364693888,"be","home"
1.02178673308898,0.0198623356141191,"C3",0.98277226551655,1.06235001184929,"be","home"
1.11321220378578,0.019976724373593,"C6",1.07046684401374,1.15766445041028,"be","home"
0.944499210281077,0.0193907542200575,"part_att_likely",0.909275845970279,0.981087050948383,"be","home"
1.08798039617448,0.0110773316758142,"part_att_spread",1.06461293862113,1.11186075193967,"be","home"
0.981685713896249,0.0127781629677383,"part_att_serious",0.957404239733411,1.00658300942592,"be","home"
1.06929152904617,0.00988822486491693,"part_symp_any",1.04876695936645,1.09021776847413,"be","home"
0.967715171034087,0.0111730435101914,"risk",0.946753124328904,0.989141338100513,"be","home"
1.02915621995067,0.00887788418814133,"mask",1.01140292062591,1.04722114546365,"be","home"
0.985942775347532,0.0143610335903678,"vacc",0.958577434741346,1.01408933804319,"be","home"
1.18939320864179,0.0141800996128571,"factor(part_age_group)30-39",1.15679114397055,1.22291410349803,"G2","home"
1.19968007115285,0.0139582694880833,"factor(part_age_group)40-49",1.16730346129798,1.23295468645398,"G2","home"
1.15188064841697,0.0146861080017484,"factor(part_age_group)50-59",1.1191962707963,1.18551952219557,"G2","home"
1.12059462590662,0.0170123509075057,"factor(part_age_group)60-69",1.08384491461928,1.158590402255,"G2","home"
0.990391339083527,0.0185207542918939,"factor(part_age_group)70-120",0.95508373108126,1.02700420142347,"G2","home"
0.955211792621056,0.00853646273928211,"part_gendermale",0.939362455916448,0.971328546308741,"G2","home"
1.44705731577344,0.00285429915503327,"hh_size",1.43898435952931,1.45517556272701,"G2","home"
1.11133901813461,0.011853510429967,"old",1.08581671072033,1.13746123174791,"G2","home"
1.00986989353071,0.0233414360491994,"C1",0.964709463577501,1.05714439462198,"G2","home"
0.974202951659248,0.0218436131138451,"C2",0.933373666375526,1.0168182639082,"G2","home"
1.01243212869478,0.0155589047058057,"C3",0.982023186032893,1.04378270268165,"G2","home"
0.986256307356486,0.0163025898138306,"C6",0.955240156547247,1.01827953644277,"G2","home"
1.01686699849788,0.0155610168660618,"part_att_likely",0.986320768874766,1.04835924099392,"G2","home"
1.07316400414567,0.0115640569573039,"part_att_spread",1.04911343099853,1.09776592860682,"G2","home"
0.945447920853416,0.0135502204208858,"part_att_serious",0.920668496637332,0.97089427335772,"G2","home"
1.00709349199786,0.0101310432241109,"part_symp_any",0.987292779476213,1.02729131895659,"G2","home"
0.974111167428196,0.010745111018603,"risk",0.953810242500243,0.994844177832448,"G2","home"
0.973183562414006,0.0102198434181664,"mask",0.953883522887236,0.992874101951309,"G2","home"
0.955664602793451,0.0114378954069218,"vacc",0.934478346254636,0.977331188778024,"G2","home"
0.961208561357443,0.0162420262701142,"factor(part_age_group)30-39",0.931090846668777,0.992300484676032,"de","home"
1.00759600887211,0.016121734178377,"factor(part_age_group)40-49",0.976254976535573,1.03994319260509,"de","home"
1.20491797218836,0.0150271887855702,"factor(part_age_group)50-59",1.16994650861175,1.24093478549308,"de","home"
1.19380298912049,0.0170016790054785,"factor(part_age_group)60-69",1.15467684150498,1.23425492363343,"de","home"
1.11313610863981,0.0179900145915533,"factor(part_age_group)70-120",1.07457014754724,1.15308618910179,"de","home"
0.94643225062411,0.00858212642951913,"part_gendermale",0.930645398725612,0.96248690021785,"de","home"
1.36770140241587,0.00283043379388631,"hh_size",1.36013483667395,1.37531006171762,"de","home"
1.43426394134407,0.0124517126541003,"old",1.3996837027898,1.469698510699,"de","home"
1.008681289113,0.0142776415833396,"C1",0.980845309325785,1.03730724236835,"de","home"
1.06870294498226,0.0209588539210512,"C2",1.0256905746433,1.11351904058487,"de","home"
1.07454692606162,0.0241158894825847,"C3",1.02493755360683,1.12655750806006,"de","home"
0.995117904922461,0.0120413908834899,"C6",0.971906846279622,1.01888328957441,"de","home"
0.916074647984546,0.0208927734900967,"part_att_likely",0.879319029743371,0.954366654529161,"de","home"
1.06723448357013,0.0102621359246973,"part_att_spread",1.04598267585168,1.08891807600331,"de","home"
0.963312184715775,0.0124159000200146,"part_att_serious",0.940152627300798,0.987042250667432,"de","home"
1.03724884533403,0.0101344351198173,"part_symp_any",1.01684862104125,1.0580583430846,"de","home"
1.08607887123829,0.00998903455499197,"risk",1.06502175004363,1.10755232416795,"de","home"
1.02216650035868,0.0101923980774846,"mask",1.00194907405272,1.04279187586786,"de","home"
0.996799472694397,0.0128019118581059,"vacc",0.972099071154711,1.02212749528046,"de","home"
1.11097448406801,0.014164036243546,"factor(part_age_group)30-39",1.08055571538267,1.14224957277013,"G3","home"
1.13708551844791,0.0137797965263604,"factor(part_age_group)40-49",1.1067850570012,1.16821551581768,"G3","home"
1.08583463755966,0.0153047455812279,"factor(part_age_group)50-59",1.05374556587742,1.11890089819034,"G3","home"
1.04439163033256,0.017284780476542,"factor(part_age_group)60-69",1.00960147665174,1.08038062813269,"G3","home"
0.938672182524687,0.0193579577720076,"factor(part_age_group)70-120",0.903723928570267,0.9749719337847,"G3","home"
0.901968702181667,0.00876926941471998,"part_gendermale",0.88659802848375,0.917605852458978,"G3","home"
1.40693368687913,0.00307217409767036,"hh_size",1.39848717170798,1.41543121690404,"G3","home"
1.08049551414543,0.0112216937749201,"old",1.05698949869177,1.10452427155934,"G3","home"
1,0,"C1",1,1,"G3","home"
0.998145707393621,0.0293555245756763,"C2",0.942335388595436,1.05726142225572,"G3","home"
0.973433565168619,0.0126517790626922,"C3",0.949591204319126,0.997874560639295,"G3","home"
0.994752830856013,0.0177314544329285,"C6",0.960774689764299,1.02993262107977,"G3","home"
1.0174770777935,0.0189051687260448,"part_att_likely",0.980464554031804,1.05588682383068,"G3","home"
1.06320603341068,0.0118179597398813,"part_att_spread",1.03886131539948,1.08812124652672,"G3","home"
0.982976862334597,0.0140688170690466,"part_att_serious",0.956241151548792,1.01046008145558,"G3","home"
1.04010163231626,0.0101566381259399,"part_symp_any",1.01960062897945,1.06101484718559,"G3","home"
1.00328517052298,0.0106312976458961,"risk",0.982595256201649,1.02441073986292,"G3","home"
0.961636319795,0.0108753160364727,"mask",0.941354950529948,0.982354648507744,"G3","home"
0.987812015907382,0.0100907478922823,"vacc",0.968466738085367,1.00754371874462,"G3","home"
1.12714419663787,0.0202679392091262,"factor(part_age_group)30-39",1.08324458931982,1.17282288094525,"nl","home"
1.25732422712908,0.0193571441586525,"factor(part_age_group)40-49",1.21051351190915,1.3059451188054,"nl","home"
1.299718538005,0.020203400328365,"factor(part_age_group)50-59",1.24925558820228,1.3522199091899,"nl","home"
1.37986740322164,0.0239159857511086,"factor(part_age_group)60-69",1.31667633137296,1.44609119576729,"nl","home"
1.37996602396178,0.0265609139170462,"factor(part_age_group)70-120",1.30996167341109,1.45371140693769,"nl","home"
0.853667586356781,0.0137330882188142,"part_gendermale",0.830995343091506,0.876958401818583,"nl","home"
1.55771914040099,0.00445391608770769,"hh_size",1.54417952390587,1.57137747444934,"nl","home"
1.22427909816271,0.0181723778472931,"old",1.18143903792515,1.26867257817247,"nl","home"
1.09745759862469,0.0276795410528889,"C1",1.03950293847222,1.15864336328787,"nl","home"
0.87629325245696,0.0294447052328637,"C2",0.827151105683968,0.928354999497502,"nl","home"
0.98231056297097,0.0201496959200088,"C3",0.944270706594884,1.02188285137424,"nl","home"
0.922479744508933,0.0170583475205017,"C6",0.892146204034867,0.953844644723735,"nl","home"
0.986089254655214,0.0249390543634045,"part_att_likely",0.939046328995438,1.03548886580142,"nl","home"
1.13875206067075,0.0136101194493225,"part_att_spread",1.10877557556013,1.16953897999313,"nl","home"
0.97157886928244,0.0157664315163964,"part_att_serious",0.942013201292232,1.00207247408129,"nl","home"
1.0386872749323,0.0141470836819717,"part_symp_any",1.01028103037485,1.06789222272736,"nl","home"
0.983292719158005,0.0143674499057526,"risk",0.955988406562504,1.01137687958555,"nl","home"
0.895743915091303,0.014662367312118,"mask",0.870367412570635,0.92186029696738,"nl","home"
0.949192806840118,0.0219269700899135,"vacc",0.909262433329101,0.990876727699277,"nl","home"
1.23367911224162,0.00688867987145907,"factor(part_age_group)30-39",1.21713436344616,1.25044875708876,"uk","home"
1.25342994422858,0.00706700189645771,"factor(part_age_group)40-49",1.23618818741907,1.27091218074894,"uk","home"
1.23195544971715,0.00744606782317109,"factor(part_age_group)50-59",1.21410672123005,1.2500665745019,"uk","home"
1.20942931500211,0.00888134309718356,"factor(part_age_group)60-69",1.18855870212286,1.23066640745127,"uk","home"
1.1092877236354,0.00929983065128433,"factor(part_age_group)70-120",1.08925141421188,1.12969259231904,"uk","home"
0.862285286941537,0.00445370422984837,"part_gendermale",0.854791027486737,0.86984525125632,"uk","home"
1.51987605898555,0.00127081798981586,"hh_size",1.51609510593659,1.52366644126221,"uk","home"
1.32050457358691,0.00611588685341243,"old",1.30477019775693,1.33642869208819,"uk","home"
0.977862026059903,0.00779025877043264,"C1",0.963044741092044,0.992907287906146,"uk","home"
1.06457653678674,0.0174448928537528,"C2",1.02879225887164,1.10160549217182,"uk","home"
1.05807502945473,0.00785863906498777,"C3",1.04190264907075,1.07449843702203,"uk","home"
1.01135354725018,0.0178909167791363,"C6",0.976504257959241,1.0474465310301,"uk","home"
0.902646458953127,0.0109814549641652,"part_att_likely",0.8834260458872,0.922285044292947,"uk","home"
1.07738607359262,0.00565691514496853,"part_att_spread",1.06550662852751,1.08939796383571,"uk","home"
0.964308400470588,0.00728965373736228,"part_att_serious",0.950628764132742,0.978184888047737,"uk","home"
1.04690737132961,0.00495751245909235,"part_symp_any",1.03678425201266,1.05712933237233,"uk","home"
0.998375777376244,0.0053601956488087,"risk",0.987941896676209,1.00891985268067,"uk","home"
0.961103663643704,0.0045735401021103,"mask",0.952526806563029,0.969757749498284,"uk","home"
0.993932664069021,0.00616107531369992,"vacc",0.982002553885227,1.00600771025979,"uk","home"
0.980948205228554,0.0154832907727537,"factor(part_age_group)30-39",0.951626114916603,1.01117378585754,"G1","others"
0.856331950218236,0.0158351691488922,"factor(part_age_group)40-49",0.830162087894487,0.883326786006843,"G1","others"
0.904611674545948,0.0158737431819218,"factor(part_age_group)50-59",0.876900062626497,0.933199023014983,"G1","others"
0.70253623854151,0.0192874488327428,"factor(part_age_group)60-69",0.676473550786191,0.729603050836867,"G1","others"
0.634275160838742,0.0208736437803235,"factor(part_age_group)70-120",0.608848988829162,0.660763156444849,"G1","others"
1.26489198412707,0.0101941704009899,"part_gendermale",1.23986937583366,1.29041958991297,"G1","others"
0.98305919208195,0.00426883120924581,"hh_size",0.974868288130977,0.991318916517034,"G1","others"
0.983519376228221,0.0139309076385735,"old",0.95702794324197,1.01074411697902,"G1","others"
0.902922353209624,0.013199357688596,"C1",0.879862512835757,0.926586556458726,"G1","others"
0.889407430700777,0.0139838758478811,"C2",0.865361090353242,0.91412196203882,"G1","others"
1,0,"C3",1,1,"G1","others"
1.14878759135796,0.0339692830670215,"C6",1.07479173525105,1.22787781741713,"G1","others"
1.59816376038391,0.017363897629869,"part_att_likely",1.54468787764845,1.65349093623543,"G1","others"
0.961693841241308,0.0119227785489417,"part_att_spread",0.939480775429268,0.984432112364276,"G1","others"
0.969766122956109,0.0148190095142329,"part_att_serious",0.942003973226336,0.998346461334258,"G1","others"
1.1082024400151,0.0106309566398891,"part_symp_any",1.08534995523464,1.131536093158,"G1","others"
1.0579080636729,0.0124842998089011,"risk",1.03233585315304,1.08411372884696,"G1","others"
0.707362387669368,0.0117077382772939,"mask",0.691315148325301,0.723782125563755,"G1","others"
1.27304664012371,0.0235177437060723,"vacc",1.21569738549998,1.33310128594523,"G1","others"
0.938566987740967,0.0134471487775889,"factor(part_age_group)30-39",0.914152583512438,0.963633430966687,"be","others"
0.821282817366697,0.0141126308166763,"factor(part_age_group)40-49",0.798876555861273,0.844317512077435,"be","others"
0.696315430659845,0.015168835892996,"factor(part_age_group)50-59",0.675917807230132,0.717328606804888,"be","others"
0.794770670423284,0.0166546925886597,"factor(part_age_group)60-69",0.769245383280166,0.821142943843992,"be","others"
0.699033153292975,0.0183575762678166,"factor(part_age_group)70-120",0.674328163868575,0.724643245803916,"be","others"
1.0490693972473,0.0091554669000093,"part_gendermale",1.03041182134792,1.06806480422667,"be","others"
1.06852360872096,0.00375924075065347,"hh_size",1.06067944539901,1.07642578287595,"be","others"
0.944460174905561,0.0133915460477185,"old",0.919992732392457,0.969578335323332,"be","others"
0.776695948184397,0.025450098363501,"C1",0.73890263329156,0.816422311609254,"be","others"
0.413736888339755,0.0325900751102463,"C2",0.388134880810927,0.441027645893154,"be","others"
1.23569864090683,0.0189356342517481,"C3",1.19067719360976,1.28242242257933,"be","others"
0.893162995227847,0.0200273269363629,"C6",0.858781951790707,0.92892047204876,"be","others"
1.07932066262967,0.0199251440113595,"part_att_likely",1.03798161081846,1.12230609929668,"be","others"
0.947487767443959,0.0123599918988855,"part_att_spread",0.924809848291098,0.97072178795977,"be","others"
0.933521781746426,0.0144783562768139,"part_att_serious",0.907402726309528,0.960392658879618,"be","others"
1.05512076131296,0.0102118882223549,"part_symp_any",1.03421189346097,1.0764523479111,"be","others"
0.914304530611016,0.0121936353272813,"risk",0.892711877942722,0.936419460019179,"be","others"
1.41298236804454,0.00996179108843981,"mask",1.38566099236233,1.44084244516475,"be","others"
0.913675781924921,0.0142537654162754,"vacc",0.888503034801137,0.939561714229778,"be","others"
0.90910428174507,0.0134522279834363,"factor(part_age_group)30-39",0.885447444277436,0.933393167972443,"G2","others"
0.844079001597092,0.0138836218544239,"factor(part_age_group)40-49",0.821419421950834,0.867363665744671,"G2","others"
0.898446301725734,0.0138888948796691,"factor(part_age_group)50-59",0.874318177592685,0.923240277706658,"G2","others"
0.745837991447086,0.0166300506899339,"factor(part_age_group)60-69",0.721919104942133,0.770549367204257,"G2","others"
0.741886012416615,0.0176955107870201,"factor(part_age_group)70-120",0.716595813968219,0.768068756041933,"G2","others"
1.2482120436394,0.00959172121907932,"part_gendermale",1.22496484739739,1.27190042162982,"G2","others"
1.05455609200829,0.0035529911262969,"hh_size",1.04723772603914,1.06192560059687,"G2","others"
1.12029784082409,0.0125847575768046,"old",1.09300210826379,1.14827523448126,"G2","others"
1.43271269316459,0.0299958133426056,"C1",1.35090817343737,1.51947090225381,"G2","others"
0.655803698176442,0.0266637573895234,"C2",0.622410516152864,0.690988470439453,"G2","others"
0.795386712589955,0.0233407740332164,"C3",0.759818754181668,0.832619646570866,"G2","others"
0.954791337883063,0.0200495591627261,"C6",0.917997972767773,0.993059381327353,"G2","others"
1.10917979654145,0.015545546646429,"part_att_likely",1.07589315443867,1.14349628118752,"G2","others"
0.937091054953428,0.0120770195178478,"part_att_spread",0.915169407362013,0.959537806016678,"G2","others"
0.955221839134929,0.0135821008330909,"part_att_serious",0.930128126185683,0.980992549598658,"G2","others"
1.13699056757297,0.00965470057222246,"part_symp_any",1.11567707529763,1.15871122511417,"G2","others"
1.00386516787736,0.0105020855986136,"risk",0.983412478983483,1.02474322505964,"G2","others"
0.843121603037823,0.00945382789492893,"mask",0.827642632227374,0.858890069009614,"G2","others"
0.951760531540891,0.010974545415335,"vacc",0.931506414079498,0.972455042399409,"G2","others"
0.988090599821133,0.00383389048096782,"factor(part_age_group)30-39",0.980693450771614,0.99554354389408,"de","others"
1.00143125801983,0.00380739550300037,"factor(part_age_group)40-49",0.993985853518907,1.00893243197461,"de","others"
1.00819207810253,0.00356375877755757,"factor(part_age_group)50-59",1.00117438596402,1.01525896047568,"de","others"
1.04038287079686,0.00382416970408912,"factor(part_age_group)60-69",1.03261391981571,1.04821027208377,"de","others"
1.05241556576567,0.00399504739120678,"factor(part_age_group)70-120",1.04420697517863,1.0606886847087,"de","others"
0.989816161703415,0.00199293732850403,"part_gendermale",0.985957303093464,0.993690123188232,"de","others"
0.998697748055403,0.000974143220089399,"hh_size",0.996792721795998,1.00060641511692,"de","others"
0.996100817134166,0.00294019273412334,"old",0.990376984287784,1.00185773057811,"de","others"
0.985855413792972,0.00322777491517948,"C1",0.979638110708335,0.992112175180857,"de","others"
1.00936752404292,0.00529840464948096,"C2",0.998939549407654,1.0199043567718,"de","others"
1.01434511827493,0.00518033168673935,"C3",1.00409806500651,1.02469674509483,"de","others"
0.983649455452853,0.00276657814107187,"C6",0.978330027064567,0.988997806921894,"de","others"
0.988909055696673,0.00490438629232342,"part_att_likely",0.979448558562455,0.998460931806585,"de","others"
1.0092190441546,0.00231727331434291,"part_att_spread",1.00464568364481,1.01381322357269,"de","others"
0.998791380105595,0.00276622201169942,"part_att_serious",0.993390759869057,1.00422136109333,"de","others"
1.04070742890262,0.00216786142522139,"part_symp_any",1.0362948096348,1.04513883742677,"de","others"
1.01171411812589,0.00224115846752213,"risk",1.00727971177852,1.01616804631949,"de","others"
1.11084452233877,0.00305763217032249,"mask",1.10420714621851,1.11752179564852,"de","others"
1.00592921592435,0.00287043647646935,"vacc",1.0002856595306,1.01160461295128,"de","others"
0.857629796705519,0.0147543426190517,"factor(part_age_group)30-39",0.833183100009916,0.882793791890877,"G3","others"
1.02089206893294,0.0139615138652153,"factor(part_age_group)40-49",0.993334007773217,1.04921467326639,"G3","others"
1.09504987148816,0.0145229984353184,"factor(part_age_group)50-59",1.06431802598878,1.1266690892811,"G3","others"
0.896594813393116,0.0167086725814512,"factor(part_age_group)60-69",0.867707236957327,0.926444110599219,"G3","others"
0.83477992341836,0.0186317619625857,"factor(part_age_group)70-120",0.804844522172236,0.865828742502439,"G3","others"
1.2359345045037,0.00882566152376205,"part_gendermale",1.21473836278938,1.25750050069642,"G3","others"
1.01971462201118,0.00377079861701776,"hh_size",1.01220577792286,1.02727916894251,"G3","others"
0.866551900569907,0.0123144770589411,"old",0.845886450421522,0.887722218516591,"G3","others"
1,0,"C1",1,1,"G3","others"
0.619425424622708,0.0279526811183996,"C2",0.586401042720806,0.654309642576304,"G3","others"
1.00802199928928,0.0129749156004215,"C3",0.982709855113351,1.03398612089217,"G3","others"
0.915433543558298,0.0175052084836011,"C6",0.884556911608525,0.947387965289656,"G3","others"
1.43884654504206,0.0167805370269178,"part_att_likely",1.39229191809738,1.48695783784236,"G3","others"
0.93280765849738,0.0125785319844314,"part_att_spread",0.910091000027785,0.956091344409294,"G3","others"
1.03553045628844,0.013749370273502,"part_att_serious",1.00799629288455,1.06381673570675,"G3","others"
0.962984148168247,0.0104008362722449,"part_symp_any",0.94355144702839,0.982817071124074,"G3","others"
0.999902206986924,0.0105734145983361,"risk",0.97939316559251,1.02084071919418,"G3","others"
0.774078039428836,0.0106271918793884,"mask",0.758120973759278,0.790370972266821,"G3","others"
1.05443452866501,0.00990408348380657,"vacc",1.03416281746724,1.07510360695812,"G3","others"
0.6162901300615,0.0182757031915762,"factor(part_age_group)30-39",0.594604428678536,0.63876672640217,"nl","others"
0.61684482612672,0.0184574546114411,"factor(part_age_group)40-49",0.594927629358191,0.639569454741555,"nl","others"
0.712995732343465,0.0175583954422811,"factor(part_age_group)50-59",0.688875058546878,0.737960981505619,"nl","others"
0.683686821697946,0.0212201270971637,"factor(part_age_group)60-69",0.655833677494205,0.712722884176024,"nl","others"
0.680944513787806,0.0246863593474348,"factor(part_age_group)70-120",0.648780253504523,0.714703365820734,"nl","others"
1.46271942416459,0.0114542657070113,"part_gendermale",1.43024572973173,1.49593043303803,"nl","others"
0.982829377485865,0.00479800278286139,"hh_size",0.973629806554782,0.992115872733302,"nl","others"
0.820540616156945,0.0211542506749784,"old",0.787213739665909,0.855278393704052,"nl","others"
0.63187035918756,0.0288364848087136,"C1",0.597146806269814,0.668613055663593,"nl","others"
1.35248220399453,0.022064496047321,"C2",1.2952371764031,1.41225726488306,"nl","others"
0.936467324239376,0.016937309331755,"C3",0.905888725141237,0.968078114926674,"nl","others"
0.6594511787874,0.0164191227628049,"C6",0.638566274643582,0.681019143152868,"nl","others"
1.93778142781884,0.0192271972505876,"part_att_likely",1.86611224717186,2.01220310712307,"nl","others"
0.799495514404881,0.0146079870535767,"part_att_spread",0.7769285446794,0.822717973140358,"nl","others"
0.924165802003068,0.0164798517539249,"part_att_serious",0.894790835968887,0.954505114781563,"nl","others"
1.17558742539566,0.0132130637559969,"part_symp_any",1.14553245435477,1.20643093916253,"nl","others"
0.897947723454279,0.0145381605674889,"risk",0.872721227334991,0.923903405579963,"nl","others"
0.980467429781984,0.0135105489189277,"mask",0.954843959148872,1.00677851250186,"nl","others"
0.631299119028699,0.0208558098912934,"vacc",0.606012819595004,0.657640506603066,"nl","others"
0.886717339393111,0.00698448708683592,"factor(part_age_group)30-39",0.874661401574015,0.898939450815428,"uk","others"
0.910226705942766,0.00721373322887268,"factor(part_age_group)40-49",0.897447802485368,0.92318757025975,"uk","others"
0.80649185180279,0.00759038770039243,"factor(part_age_group)50-59",0.794582504415599,0.818579698659073,"uk","others"
0.770306890792428,0.00885681331269518,"factor(part_age_group)60-69",0.757050425262313,0.783795486009665,"uk","others"
0.724043244374108,0.00924777492951237,"factor(part_age_group)70-120",0.71103788587631,0.737286479577235,"uk","others"
1.07527097838939,0.00454537214224743,"part_gendermale",1.06573413194671,1.08489316641713,"uk","others"
1.01533555495685,0.00195326182257273,"hh_size",1.01145593204762,1.0192300588643,"uk","others"
0.991952197159297,0.00708723116126912,"old",0.978268451484517,1.00582734724399,"uk","others"
0.67485379684806,0.010003533926359,"C1",0.661751028165905,0.68821600229696,"uk","others"
0.807391520532934,0.0192215035846068,"C2",0.777539962731951,0.83838914869153,"uk","others"
0.95127244020824,0.00750012646561036,"C3",0.937390957953143,0.965359488292583,"uk","others"
1.06746691896161,0.0198287902574218,"C6",1.02677676922136,1.10976957916716,"uk","others"
1.48238685003071,0.00977808509062413,"part_att_likely",1.45424770247998,1.51107047953147,"uk","others"
0.950344119198653,0.00617691149556039,"part_att_spread",0.938908056762287,0.961919474852396,"uk","others"
0.880513585005244,0.00785870183929665,"part_att_serious",0.867055074872516,0.894180999393585,"uk","others"
1.05590636291143,0.00508633708068798,"part_symp_any",1.04543222975569,1.06648543588272,"uk","others"
0.979667007883821,0.00552566636827133,"risk",0.969114297199861,0.990334627307752,"uk","others"
1.03946553333173,0.00471307752685466,"mask",1.02990766972213,1.04911209688937,"uk","others"
0.992218754122181,0.00604838355870304,"vacc",0.980525763650829,1.00405118613728,"uk","others"
0.983940830445027,0.0164218126269401,"factor(part_age_group)30-39",0.952773348861239,1.01612787445616,"G1","work"
0.962534206201279,0.0160547367774001,"factor(part_age_group)40-49",0.932715663863619,0.993306035270995,"G1","work"
1.07088459374367,0.0161461604808389,"factor(part_age_group)50-59",1.03752350046151,1.10531839771091,"G1","work"
0.811501587049784,0.0265449459501729,"factor(part_age_group)60-69",0.770357792853703,0.854842817056281,"G1","work"
0.898449413191785,0.0110621258552302,"part_gendermale",0.879177941227596,0.918143313442958,"G1","work"
0.930547456612562,0.00441973144656722,"hh_size",0.922520754349454,0.938643997899796,"G1","work"
1.07299881947547,0.0188421852125937,"old",1.03409270247221,1.11336871814614,"G1","work"
0.897014780886994,0.0143292683518871,"C1",0.872170785663804,0.922566463307227,"G1","work"
0.939806074803159,0.015175896809335,"C2",0.912261769921562,0.968182036514435,"G1","work"
1,0,"C3",1,1,"G1","work"
1.09982229612323,0.0540399550682683,"C6",0.989281695737833,1.22271450918498,"G1","work"
1.53182931550453,0.017296059416979,"part_att_likely",1.48076716267778,1.5846522741602,"G1","work"
1.07078512871271,0.0122298266184394,"part_att_spread",1.04542157101229,1.0967640458787,"G1","work"
0.842390811090656,0.0183390932464215,"part_att_serious",0.812647337353272,0.873222917238807,"G1","work"
1.02256618645409,0.0112762375272784,"part_symp_any",1.00021258491038,1.04541936529717,"G1","work"
1.12539288699627,0.0139744878914079,"risk",1.09498486309232,1.1566453498956,"G1","work"
0.82882341241907,0.0154018762904639,"mask",0.804175556819812,0.854226720954556,"G1","work"
1.14611929088196,0.0248545570624345,"vacc",1.09162105831182,1.20333830034683,"G1","work"
1.16474191434429,0.0145448211962162,"factor(part_age_group)30-39",1.1320026198368,1.19842808069296,"be","work"
1.0240149432755,0.0152782044651887,"factor(part_age_group)40-49",0.993801572018973,1.0551468558469,"be","work"
0.865439064249842,0.0167090795750084,"factor(part_age_group)50-59",0.837551941110885,0.894254716831325,"be","work"
1.04103132878113,0.0275391228530275,"factor(part_age_group)60-69",0.986323181428309,1.09877395960055,"be","work"
0.797023460056687,0.0104621305468198,"part_gendermale",0.780844403203092,0.813537746156466,"be","work"
0.981133434266935,0.00446976207775274,"hh_size",0.972574515030149,0.989767674311916,"be","work"
1.13436730614016,0.0194089479998108,"old",1.09201978956235,1.17835702021059,"be","work"
0.670842009467845,0.0334242052253521,"C1",0.628297908424317,0.716266910382474,"be","work"
0.253347353061695,0.0497789041136956,"C2",0.229793997249251,0.279314873633306,"be","work"
1.11258385527344,0.0220445328632369,"C3",1.06553038718634,1.16171518888709,"be","work"
0.917806413514865,0.0217709745434761,"C6",0.879461960035973,0.957822681329575,"be","work"
1.06196586595302,0.0213796942032036,"part_att_likely",1.01837946405873,1.10741775561207,"be","work"
0.962583476616455,0.0141183722716239,"part_att_spread",0.936308948239859,0.989595315944432,"be","work"
1.05013003112042,0.0187111405305396,"part_att_serious",1.01231096794367,1.08936198182369,"be","work"
1.04589424792887,0.0116045222001692,"part_symp_any",1.02237126014739,1.0699584588215,"be","work"
0.926893599211512,0.0154417317574414,"risk",0.899257470632146,0.95537904584249,"be","work"
1.22750773671024,0.0139441825899512,"mask",1.19440964140109,1.26152300806613,"be","work"
1.14220512187755,0.0153827820154847,"vacc",1.10827735519503,1.1771715214859,"be","work"
0.923243365209689,0.0143999631752702,"factor(part_age_group)30-39",0.897548521211692,0.949673796189869,"G2","work"
0.967572561879995,0.0145939502466362,"factor(part_age_group)40-49",0.940286388308995,0.995650553005097,"G2","work"
1.11589112843093,0.0145762134522536,"factor(part_age_group)50-59",1.08445997710721,1.14823325599572,"G2","work"
1.14859977461959,0.0201209409221045,"factor(part_age_group)60-69",1.10418125272143,1.19480514544564,"G2","work"
0.84957775850571,0.0107662337351012,"part_gendermale",0.83183685915935,0.867697024723112,"G2","work"
0.957248808863722,0.00406526501053709,"hh_size",0.949651362408224,0.964907036775372,"G2","work"
1.13446091186136,0.0184847608528176,"old",1.09409242350101,1.17631886748928,"G2","work"
1.1247481935242,0.0346514085460516,"C1",1.05089080634002,1.20379633279106,"G2","work"
0.794821047120687,0.0301896951567395,"C2",0.749151702574052,0.843274459332327,"G2","work"
0.801631765495827,0.0276756952445112,"C3",0.759303537962798,0.84631962755775,"G2","work"
0.967992205327015,0.0220070310979568,"C6",0.927124227867786,1.01066165828586,"G2","work"
1.17346693583789,0.0164205615611412,"part_att_likely",1.13629873295458,1.21185090642869,"G2","work"
1.09633706638508,0.0126758934485473,"part_att_spread",1.06943276835948,1.12391821037395,"G2","work"
0.824663566012197,0.0177088416413329,"part_att_serious",0.796529378210696,0.853791480529753,"G2","work"
1.27906096217237,0.0107008686102233,"part_symp_any",1.25251205228303,1.30617261683932,"G2","work"
0.901476605454684,0.0131522545282512,"risk",0.878533523701391,0.925018850456889,"G2","work"
0.973813225582449,0.0112670873322865,"mask",0.952542436121246,0.995559003314144,"G2","work"
0.890782671130109,0.0123783215764623,"vacc",0.869429683558879,0.912660083030114,"G2","work"
1.25192171136263,0.0201153664294428,"factor(part_age_group)30-39",1.20352115483816,1.30226873460475,"de","work"
1.54881583547766,0.0196879530496362,"factor(part_age_group)40-49",1.49018496814497,1.60975351617758,"de","work"
1.43689155618874,0.019421939263935,"factor(part_age_group)50-59",1.3832186565698,1.49264712013543,"de","work"
1.2574101993324,0.0247268214780122,"factor(part_age_group)60-69",1.19792045447221,1.31985425533263,"de","work"
0.799382690828228,0.0109943633468538,"part_gendermale",0.782340221726626,0.816796412416936,"de","work"
0.987328854268972,0.00498372151760282,"hh_size",0.977730982940844,0.997020942856897,"de","work"
1.14202669922067,0.0214591923968862,"old",1.09498675728982,1.19108744745088,"de","work"
0.890031398363194,0.0185412032457392,"C1",0.858266003350874,0.922972466554166,"de","work"
1.18817280611903,0.0302040439294238,"C2",1.11987115897192,1.26064021373388,"de","work"
1.1648566067126,0.0295650458434306,"C3",1.09927125955566,1.23435494415679,"de","work"
1.02328017269443,0.0154449965611537,"C6",0.99276583708293,1.0547324179751,"de","work"
1.52239529464484,0.0209151180562633,"part_att_likely",1.46124551851184,1.58610404876869,"de","work"
0.986693762934554,0.0139480152264991,"part_att_spread",0.960083421831292,1.01404165479385,"de","work"
1.06524098627717,0.0180275891287545,"part_att_serious",1.02825698959245,1.10355521074018,"de","work"
1.09152905931861,0.0126848736189893,"part_symp_any",1.06472427074841,1.11900866737966,"de","work"
1.04745424667577,0.0133144763487892,"risk",1.02047168048288,1.07515026615922,"de","work"
1.1409476336652,0.0163295497889783,"mask",1.10500690089428,1.17805735123709,"de","work"
0.975902703523306,0.0164283856245422,"vacc",0.94497792689895,1.0078395057009,"de","work"
0.90627114710097,0.0156500578822777,"factor(part_age_group)30-39",0.878892097945014,0.934503102244402,"G3","work"
1.0404940622968,0.0150092935629627,"factor(part_age_group)40-49",1.01032821785111,1.07156058253778,"G3","work"
1.23104107212187,0.0152918011638131,"factor(part_age_group)50-59",1.19468916812247,1.26849908887398,"G3","work"
1.32521919255845,0.020214346160384,"factor(part_age_group)60-69",1.27373661165683,1.37878262448692,"G3","work"
0.929375120266365,0.0118171321701678,"part_gendermale",0.908095125187308,0.951153783577422,"G3","work"
0.975058392960691,0.00401807115744446,"hh_size",0.967408988132634,0.982768282438924,"G3","work"
0.929380859832732,0.0150032611244823,"old",0.902447063218727,0.957118503486204,"G3","work"
1,0,"C1",1,1,"G3","work"
0.585023719792873,0.0375201427531889,"C2",0.543542237339054,0.629670942217499,"G3","work"
1.0942271144641,0.0291317006736812,"C3",1.03349460690172,1.158528520645,"G3","work"
1.05760398452109,0.0199833144563098,"C6",1.01697825368867,1.09985261141809,"G3","work"
1.25971119593078,0.0167885991502585,"part_att_likely",1.21893115404767,1.30185555753815,"G3","work"
0.953130477238524,0.0126580575145669,"part_att_spread",0.929772710948953,0.977075037740932,"G3","work"
1.16194906244766,0.0151654379348123,"part_att_serious",1.12791674362274,1.197008228982,"G3","work"
1.02164523812876,0.0110977906121006,"part_symp_any",0.999661068593757,1.04411287523626,"G3","work"
1.08117949512093,0.0116276283186698,"risk",1.05681610714105,1.1061045462604,"G3","work"
0.89104174779687,0.0127320893482368,"mask",0.869079426682647,0.913559074050917,"G3","work"
1.06483575209231,0.0105633815589887,"vacc",1.04301419807079,1.08711384852792,"G3","work"
0.683181034323409,0.0206563113778283,"factor(part_age_group)30-39",0.656069425993231,0.71141301082977,"nl","work"
0.708815356845105,0.0207605122129927,"factor(part_age_group)40-49",0.680547438046434,0.73825744101203,"nl","work"
0.85145496502356,0.0199333670130343,"factor(part_age_group)50-59",0.818825139069791,0.885385075361591,"nl","work"
0.811097336240329,0.0312573453744871,"factor(part_age_group)60-69",0.76288952827775,0.862351447320744,"nl","work"
1.1103432320284,0.0146873211337195,"part_gendermale",1.0788300132038,1.14277696933,"nl","work"
0.955917930219964,0.00588587980292887,"hh_size",0.944951660156673,0.967011465078028,"nl","work"
0.435741902995964,0.0574639043387834,"old",0.389320014864116,0.487699061895944,"nl","work"
0.484164707528999,0.0370663031275868,"C1",0.45023191874342,0.520654920848096,"nl","work"
1.48996346602323,0.0284092055907854,"C2",1.40925341730831,1.57529589981351,"nl","work"
0.684632079937963,0.0212012946763697,"C3",0.65676086289399,0.713686078696561,"nl","work"
0.850241470674246,0.0214680776811157,"C6",0.815201883965336,0.886787153800351,"nl","work"
2.9074279925354,0.0187447952397322,"part_att_likely",2.80253056547599,3.01625168193045,"nl","work"
0.915196127140429,0.0178449968962483,"part_att_spread",0.883734110548266,0.947778230052934,"nl","work"
0.777729841652745,0.0248892122059382,"part_att_serious",0.740694345873115,0.816617151146473,"nl","work"
1.0330663242426,0.0178577824603513,"part_symp_any",0.997527240447266,1.06987156541771,"nl","work"
0.701243651128059,0.0222840087829577,"risk",0.671269909994738,0.732555788551978,"nl","work"
1.20667897787966,0.0175200709937978,"mask",1.16593897742447,1.24884250706941,"nl","work"
0.896006948671238,0.0264259932630619,"vacc",0.850772192708576,0.943646793992176,"nl","work"
1.22267625660674,0.00647176274383957,"factor(part_age_group)30-39",1.20726491561403,1.238284331082,"uk","work"
1.18295233654433,0.0067538497152857,"factor(part_age_group)40-49",1.16739607619769,1.19871589348972,"uk","work"
1.28428390238805,0.00678428523578498,"factor(part_age_group)50-59",1.26731949173767,1.30147539960232,"uk","work"
1.36031556344999,0.00918956030706148,"factor(part_age_group)60-69",1.33603342121542,1.38503902879978,"uk","work"
0.773468747695334,0.00444690309306751,"part_gendermale",0.766756514072826,0.780239740623274,"uk","work"
0.949292484384059,0.00189946196751411,"hh_size",0.945764875999128,0.952833250395408,"uk","work"
1.17120095797239,0.0083722100209095,"old",1.15213884637377,1.19057845178362,"uk","work"
0.752943918338413,0.00928797735191232,"C1",0.739360952255995,0.766776420140878,"uk","work"
0.880141930504288,0.0177973245600313,"C2",0.849969338093612,0.911385603119836,"uk","work"
1.02666866916241,0.0078751952302671,"C3",1.01094325524046,1.04263869487808,"uk","work"
0.910116190366389,0.0185672704508046,"C6",0.877590662988563,0.943847188558595,"uk","work"
1.31335847243164,0.00899556043265995,"part_att_likely",1.29040510396964,1.33672012905225,"uk","work"
1.03529742697956,0.00564666205005553,"part_att_spread",1.02390244163961,1.04681922683388,"uk","work"
0.795249195751249,0.00889562094537289,"part_att_serious",0.781503812891785,0.80923633757188,"uk","work"
1.07080862916844,0.00493926650859164,"part_symp_any",1.06049214498644,1.08122547227,"uk","work"
0.867485078910442,0.00590393039348067,"risk",0.857504613531378,0.877581706567365,"uk","work"
1.12498841349219,0.0051807181843098,"mask",1.11362280170309,1.13647002248532,"uk","work"
1.01032635274176,0.00603204213292927,"vacc",0.998451747568355,1.02234218281499,"uk","work"
